{
  "type": "service_account",
  "project_id": "voxa-c9ui",
  "private_key_id": "dummy_private_key_id",
  "private_key": "-----BEGIN PRIVATE KEY-----\nYOUR_PRIVATE_KEY\n-----END PRIVATE KEY-----\n",
  "client_email": "dialogflow-agent@voxa-c9ui.iam.gserviceaccount.com",
  "client_id": "dummy_client_id",
  "auth_uri": "https://accounts.google.com/o/oauth2/auth",
  "token_uri": "https://oauth2.googleapis.com/token",
  "auth_provider_x509_cert_url": "https://www.googleapis.com/oauth2/v1/certs",
  "client_x509_cert_url": "https://www.googleapis.com/robot/v1/metadata/x509/dialogflow-agent%40voxa-c9ui.iam.gserviceaccount.com"
}